City_ID,City,Country,Lat,Lng,Max Temp,Humidity,Cloudiness,Wind Speed,Current Description
0,Matara,LK,5.9485,80.5353,83.73,70,70,13.0,Clouds
1,Albany,US,42.6001,-73.9662,60.03,83,25,2.3,Clouds
2,Carnarvon,AU,-24.8667,113.6333,66.27,54,90,5.75,Clouds
3,Dikson,RU,73.5069,80.5464,40.96,100,100,11.34,Clouds
4,Kapaa,US,22.0752,-159.319,87.78,69,20,4.0,Clouds
5,Komsomolskiy,UZ,40.4272,71.7189,80.02,44,14,6.91,Clouds
6,Maldonado,UY,-34.6667,-54.9167,46.22,82,7,4.34,Clear
7,Rikitea,PF,-23.1203,-134.9692,70.12,73,26,16.96,Rain
8,Inhambane,MZ,-23.865,35.3833,61.43,83,0,3.71,Clear
9,Worland,US,44.0169,-107.9554,78.6,49,40,8.05,Clouds
10,Waddan,LY,29.1614,16.139,81.93,21,0,3.44,Clear
11,Port Alfred,ZA,-33.5906,26.891,63.88,32,65,8.32,Clouds
12,Cherskiy,RU,68.75,161.3,48.43,66,100,12.64,Clouds
13,Kedgwick,CA,47.6446,-67.3434,48.02,85,12,4.18,Clouds
14,Bluff,NZ,-46.6,168.3333,48.79,90,96,1.9,Clouds
15,Khatanga,RU,71.9667,102.5,71.71,52,100,4.14,Clouds
16,Ushuaia,AR,-54.8,-68.3,44.26,57,40,11.5,Rain
17,Leningradskiy,RU,69.3833,178.4167,35.73,86,99,19.82,Clouds
18,Chokurdakh,RU,70.6333,147.9167,49.77,53,93,14.5,Clouds
19,Antofagasta,CL,-23.65,-70.4,56.48,76,53,4.94,Clouds
20,Busselton,AU,-33.65,115.3333,49.05,62,88,28.48,Clouds
21,Cape Town,ZA,-33.9258,18.4232,54.88,90,75,3.44,Mist
22,Pevek,RU,69.7008,170.3133,36.36,77,98,22.48,Clouds
23,Severo-Kurilsk,RU,50.6789,156.125,55.63,89,95,14.99,Clouds
24,Muslyumovo,RU,55.3033,53.1947,76.08,53,17,11.95,Clouds
25,Tarakan,ID,3.3,117.6333,85.5,70,20,5.75,Clouds
26,Pangnirtung,CA,66.1451,-65.7125,46.98,76,60,1.79,Clouds
27,Punta Arenas,CL,-53.15,-70.9167,42.91,70,0,19.57,Clear
28,Alofi,NU,-19.0595,-169.9187,75.09,94,99,21.85,Rain
29,Buritis,BR,-15.6178,-46.4233,65.64,68,48,6.49,Clouds
30,Nikolskoye,RU,59.7035,30.7861,64.78,86,84,5.53,Rain
31,Tignere,CM,7.3667,12.65,63.57,97,100,1.81,Rain
32,Saint George,US,37.1041,-113.5841,83.62,45,1,4.0,Clear
33,Atuona,PF,-9.8,-139.0333,77.2,67,80,14.29,Clouds
34,Soller,ES,39.7662,2.7152,68.92,86,99,1.01,Clouds
35,Guadalajara,MX,20.6667,-103.3333,63.66,91,86,0.45,Clouds
36,Los Llanos De Aridane,ES,28.6585,-17.9182,70.12,69,20,19.57,Clouds
37,Cockburn Town,TC,21.4612,-71.1419,82.31,79,10,20.49,Clear
38,Rio Verde De Mato Grosso,BR,-18.9181,-54.8442,67.53,29,54,9.22,Clouds
39,Ucluelet,CA,48.9329,-125.5528,80.04,87,93,1.99,Clouds
40,Mataura,NZ,-46.1927,168.8643,48.47,99,100,0.22,Clouds
41,Tasiilaq,GL,65.6145,-37.6368,44.76,82,38,4.27,Clouds
42,Vaini,TO,-21.2,-175.2,77.16,69,20,25.32,Clouds
43,Flinders,AU,-34.5833,150.8552,72.21,82,61,12.35,Rain
44,Tombouctou,ML,20.0,-3.0,93.42,35,58,13.67,Clouds
45,Pemangkat,ID,1.1667,108.9667,86.81,66,22,10.11,Clouds
46,Tangjiazhuang,CN,39.7333,118.45,82.53,63,3,6.6,Clear
47,Torbay,CA,47.6666,-52.7314,61.68,84,75,20.71,Clouds
48,Victoria,HK,22.2855,114.1577,90.03,81,100,7.0,Clouds
49,Nemuro,JP,43.3236,145.575,72.03,99,100,14.36,Clouds
50,Faanui,PF,-16.4833,-151.75,77.13,67,68,15.21,Clouds
51,Adre,TD,13.4667,22.2,71.42,81,100,3.15,Clouds
52,Locri,IT,38.2414,16.2623,85.75,39,0,12.41,Clear
53,Nanortalik,GL,60.1432,-45.2371,49.28,78,100,17.47,Clouds
54,Kabarnet,KE,0.4919,35.743,58.01,78,100,5.08,Clouds
55,New Norfolk,AU,-42.7826,147.0587,50.76,47,34,9.13,Rain
56,Constitucion,CL,-35.3333,-72.4167,50.86,71,0,5.5,Clear
57,Cap Malheureux,MU,-19.9842,57.6142,72.46,71,2,11.01,Clear
58,Saint-Francois,FR,46.4154,3.9054,58.17,94,0,2.3,Clear
59,Bambous Virieux,MU,-20.3428,57.7575,72.21,78,40,16.11,Rain
60,Jamestown,US,42.097,-79.2353,63.72,88,1,1.99,Clear
61,Salinas,US,36.6777,-121.6555,69.62,78,90,9.22,Clouds
62,Puerto Carreno,CO,6.189,-67.4859,74.35,90,100,4.25,Clouds
63,Lagoa,PT,39.05,-27.9833,70.11,89,91,13.11,Clouds
64,Grindavik,IS,63.8424,-22.4338,55.35,100,90,5.75,Clouds
65,Itarema,BR,-2.9248,-39.9167,77.68,80,96,13.56,Clouds
66,Taoudenni,ML,22.6783,-3.9836,96.06,23,5,9.17,Clear
67,Pesochnoye,RU,58.006,39.1772,62.24,79,41,6.73,Clouds
68,Grand Gaube,MU,-20.0064,57.6608,72.37,71,2,11.01,Clear
69,Puerto Ayora,EC,-0.7393,-90.3518,71.55,92,5,7.0,Clear
70,Airai,TL,-8.9266,125.4092,77.63,35,53,4.56,Clouds
71,Lorengau,PG,-2.0226,147.2712,85.75,67,17,8.12,Clouds
72,Mahebourg,MU,-20.4081,57.7,72.25,78,40,16.11,Rain
73,Merke,KZ,42.8728,73.1786,80.2,23,100,5.93,Clouds
74,Batemans Bay,AU,-35.7167,150.1833,62.98,85,100,8.19,Rain
75,Hermanus,ZA,-34.4187,19.2345,55.8,87,62,9.04,Clouds
76,Port Hardy,CA,50.6996,-127.4199,60.98,82,1,10.36,Clear
77,Esperance,AU,-33.8667,121.9,53.44,80,97,20.4,Rain
78,Guerrero Negro,MX,27.9769,-114.0611,72.61,80,7,14.32,Clear
79,Hasaki,JP,35.7333,140.8333,95.29,75,10,10.74,Clear
80,Tuktoyaktuk,CA,69.4541,-133.0374,66.2,72,40,11.5,Clouds
81,East London,ZA,-33.0153,27.9116,67.14,20,0,9.22,Clear
82,Banjar,ID,-8.19,114.9675,82.26,52,45,2.1,Clouds
83,Barrow,US,71.2906,-156.7887,51.82,94,90,18.41,Rain
84,Rybachiy,RU,48.7073,44.7449,78.66,23,0,3.56,Clear
85,Qaanaaq,GL,77.484,-69.3632,39.76,93,98,0.76,Clouds
86,Pinega,RU,64.7001,43.3936,58.91,85,87,2.77,Clouds
87,Aksay,RU,47.26,39.87,81.25,47,34,5.01,Clouds
88,Angoche,MZ,-16.2325,39.9086,74.05,68,73,13.96,Clouds
89,Pandan,PH,14.0453,124.1694,90.3,62,97,12.68,Clouds
90,Yashkul,RU,46.1711,45.3435,81.48,40,0,6.64,Clear
91,San Policarpo,PH,12.1791,125.5072,90.75,59,100,6.29,Clouds
92,Nome,US,64.5011,-165.4064,48.27,87,90,11.5,Clouds
93,Imeni Zhelyabova,RU,58.9544,36.5956,61.93,79,17,7.02,Clouds
94,Port Blair,IN,11.6667,92.75,83.79,79,100,20.11,Clouds
95,Arrecife,ES,28.963,-13.5477,69.78,78,0,21.85,Clear
96,Thompson,CA,55.7435,-97.8558,64.56,63,40,2.3,Smoke
97,Hambantota,LK,6.1241,81.1185,86.34,79,20,12.66,Clouds
98,Parana,AR,-31.732,-60.5238,52.56,66,0,4.94,Clear
99,Baghdad,IQ,33.3406,44.4009,85.91,26,0,5.75,Clear
100,Narsaq,GL,60.9167,-46.05,48.42,77,99,1.19,Clouds
101,Ribeira Grande,PT,38.5167,-28.7,70.99,85,100,8.3,Clouds
102,Bethel,US,41.3712,-73.414,64.71,84,1,3.44,Clear
103,Russell,US,32.3502,-85.1999,74.91,83,1,0.0,Clear
104,Bontang,ID,0.1333,117.5,82.49,77,100,7.23,Clouds
105,Sterling,US,39.0062,-77.4286,74.52,76,90,3.0,Clouds
106,Didi Lilo,GE,41.7361,44.9647,69.58,68,0,4.61,Clear
107,Arraial Do Cabo,BR,-22.9661,-42.0278,66.4,61,100,13.44,Clouds
108,Cabo San Lucas,MX,22.8909,-109.9124,86.61,76,83,0.25,Clouds
109,Ghorawal,IN,24.7667,82.7833,74.73,94,100,14.56,Clouds
110,Hobyo,SO,5.3505,48.5268,77.22,70,60,19.42,Clouds
111,Amapa,BR,1.0,-52.0,70.45,99,84,1.59,Clouds
112,Turayf,SA,31.6725,38.6637,71.85,49,0,4.61,Clear
113,Egvekinot,RU,66.3167,-179.1667,40.91,61,93,2.04,Clouds
114,Joacaba,BR,-27.1781,-51.5047,47.01,81,100,3.02,Clouds
115,Yellowknife,CA,62.456,-114.3525,77.52,47,20,8.05,Clouds
116,Goundi,TD,9.3627,17.366,69.67,97,100,3.31,Clouds
117,Kendari,ID,-3.945,122.4989,81.9,80,84,2.44,Rain
118,Mastic Beach,US,40.7668,-72.8521,70.0,82,1,1.01,Clear
119,Waipawa,NZ,-41.4122,175.5153,54.23,75,98,4.14,Clouds
120,Saskylakh,RU,71.9167,114.0833,82.58,23,6,13.53,Clear
121,Letka,RU,59.6011,49.4232,63.37,72,5,9.89,Clear
122,Camana,PE,-16.6228,-72.7111,60.91,86,84,8.25,Clouds
123,Mayo,US,38.8876,-76.5119,75.15,80,1,1.01,Clear
124,Avarua,CK,-21.2078,-159.775,75.25,78,100,14.97,Clouds
125,Villarrica,PY,-25.75,-56.4333,50.97,94,87,1.48,Clouds
126,Lebu,CL,-37.6167,-73.65,46.09,81,3,16.49,Clear
127,Ulaangom,MN,49.9811,92.0667,69.3,41,99,10.71,Clouds
128,Mount Gambier,AU,-37.8333,140.7667,49.91,93,75,10.36,Clouds
129,Salalah,OM,17.0151,54.0924,77.09,100,90,5.75,Mist
130,Sotnikovskoye,RU,45.0039,43.7772,78.33,49,0,5.88,Clear
131,Polewali,ID,-3.4324,119.3435,83.46,77,91,7.25,Clouds
132,Wajima,JP,37.4,136.9,86.68,70,40,4.61,Clouds
133,Buala,SB,-8.145,159.5921,78.13,86,100,3.18,Rain
134,Fortuna,US,40.5982,-124.1573,58.93,91,90,1.01,Clouds
135,Alakurtti,RU,66.9672,30.3491,52.7,86,92,3.22,Clouds
136,Maryborough,AU,-25.5333,152.7,76.96,50,0,8.57,Clear
137,Palmer,US,42.1584,-72.3287,59.94,83,20,0.0,Clouds
138,Clyde River,CA,70.4692,-68.5914,39.43,93,90,5.75,Clouds
139,Ponta Do Sol,PT,32.6667,-17.1,70.43,63,13,8.46,Clouds
140,Tuatapere,NZ,-46.1333,167.6833,48.81,90,95,2.21,Clouds
141,Ayorou,NE,14.7308,0.9174,82.45,67,30,14.25,Clouds
142,Kununurra,AU,-15.7667,128.7333,93.18,24,56,10.36,Clouds
143,Vestmannaeyjar,IS,63.4427,-20.2734,53.8,93,100,1.92,Clouds
144,Tiksi,RU,71.6872,128.8694,45.79,76,51,9.73,Clouds
145,Severnoye,RU,56.3491,78.3619,67.17,65,28,6.55,Clouds
146,Tomatlan,MX,19.9333,-105.25,76.26,87,100,1.99,Clouds
147,Samarai,PG,-10.6167,150.6667,77.83,66,100,13.47,Clouds
148,Caravelas,BR,-17.7125,-39.2481,67.46,75,76,12.28,Clouds
149,Bobcaygeon,CA,44.5462,-78.542,55.15,98,100,5.77,Clouds
150,Ginir,ET,7.1333,40.7,57.24,77,77,13.96,Clouds
151,Polessk,RU,54.862,21.1028,60.85,87,0,12.55,Clear
152,Tual,ID,-5.6667,132.75,81.41,76,82,10.0,Clouds
153,Balgazyn,RU,51.0,95.2,55.29,90,100,3.24,Rain
154,Saint-Philippe,RE,-21.3585,55.7679,69.35,81,36,12.41,Clouds
155,Whakatane,NZ,-37.9585,176.9854,60.78,68,93,1.01,Clouds
156,Escanaba,US,45.7453,-87.0646,64.83,81,90,5.75,Clouds
157,Naze,JP,28.3667,129.4833,86.92,85,91,13.6,Clouds
158,Korem,ET,12.5058,39.5228,55.02,93,100,5.73,Rain
159,Iqaluit,CA,63.7506,-68.5145,58.73,44,90,12.66,Clouds
160,Castro,BR,-24.7911,-50.0119,42.93,97,100,5.14,Clouds
161,Funadhoo,MV,6.15,73.2667,81.86,77,43,9.93,Clouds
162,Adrar,MR,20.5022,-10.0711,81.99,59,95,16.4,Clouds
163,Carndonagh,IE,55.25,-7.2667,55.29,65,100,12.01,Clouds
164,Kudahuvadhoo,MV,2.6708,72.8944,82.04,71,36,3.76,Clouds
165,Boromo,BF,11.75,-2.9333,71.46,96,99,4.16,Clouds
166,Upernavik,GL,72.7868,-56.1549,43.57,76,100,4.92,Clouds
167,Butaritari,KI,3.0707,172.7902,82.38,72,15,8.61,Clouds
168,Pacifica,US,37.6138,-122.4869,72.57,85,20,1.01,Clouds
169,Ilulissat,GL,69.2167,-51.1,44.62,65,96,4.61,Clouds
170,Georgetown,MY,5.4112,100.3354,86.9,74,20,1.99,Clouds
171,Coihaique,CL,-45.5752,-72.0662,35.55,75,0,3.44,Clear
172,Springbok,ZA,-29.6643,17.8865,52.79,23,4,7.18,Clear
173,Evensk,RU,61.95,159.2333,53.38,67,97,5.32,Clouds
174,Sisimiut,GL,66.9395,-53.6735,51.62,69,85,5.19,Clouds
175,Dakar,SN,14.6937,-17.4441,80.73,78,75,6.91,Clouds
176,Mar Del Plata,AR,-38.0023,-57.5575,47.12,29,7,1.01,Mist
177,Hithadhoo,MV,-0.6,73.0833,81.52,72,62,5.66,Clouds
178,Bambanglipuro,ID,-7.95,110.2833,80.94,72,83,15.61,Clouds
179,Sao Filipe,CV,14.8961,-24.4956,74.97,87,74,11.05,Clouds
180,Asau,RO,46.4333,26.4,68.76,74,0,5.77,Clear
181,Belawan,ID,3.7755,98.6832,86.29,66,100,3.4,Clouds
182,Hilo,US,19.7297,-155.09,82.13,73,75,11.5,Clouds
183,Atar,MR,20.5169,-13.0499,84.36,50,80,8.23,Clouds
184,Lasa,IT,46.6166,10.7002,62.06,96,100,2.57,Rain
185,Bathsheba,BB,13.2167,-59.5167,81.21,83,20,14.97,Clouds
186,Ocean City,US,39.2776,-74.5746,71.01,78,100,3.0,Clouds
187,Manica,FR,49.0,-1.1667,51.21,98,80,4.7,Clouds
188,Gubkinskiy,RU,64.434,76.5026,60.98,56,97,6.96,Clouds
189,Kalmunai,LK,7.4167,81.8167,86.56,59,78,8.48,Clouds
190,Veraval,IN,20.9,70.3667,81.95,83,100,20.18,Clouds
191,Dinguiraye,GN,11.3,-10.7167,67.77,98,97,3.42,Rain
192,Geraldton,AU,-28.7667,114.6,64.81,59,90,25.32,Clouds
193,Saint Anthony,US,45.0205,-93.218,74.82,52,1,1.99,Haze
194,Barra Patuca,HN,15.8,-84.2833,80.8,85,100,10.98,Clouds
195,Longyearbyen,SJ,78.2186,15.6401,44.44,70,40,16.11,Clouds
196,Udachnyy,RU,66.4167,112.4,79.92,24,1,7.45,Clear
197,Ossora,RU,59.2353,163.0719,58.62,52,68,10.36,Clouds
198,Kasongo-Lunda,CD,-6.4667,16.8167,67.14,43,46,0.56,Clouds
199,Telde,ES,27.9924,-15.4192,71.04,73,40,26.46,Clouds
200,Altamira,BR,-3.2033,-52.2064,71.2,95,99,2.08,Clouds
201,Balakhta,RU,55.38,91.6,70.32,59,3,2.86,Clear
202,Kavieng,PG,-2.5744,150.7967,83.35,69,22,3.8,Rain
203,Half Moon Bay,US,37.4636,-122.4286,71.92,83,20,13.8,Clouds
204,Plettenberg Bay,ZA,-34.0527,23.3716,56.37,53,71,5.5,Clouds
205,Coahuayana,MX,18.7333,-103.6833,78.69,86,78,2.33,Clouds
206,Bavleny,RU,56.4,39.56,63.55,72,84,6.42,Clouds
207,Kaeo,NZ,-35.1,173.7833,61.32,68,55,3.04,Clouds
208,Bredasdorp,ZA,-34.5322,20.0403,55.27,93,99,4.61,Clouds
209,Kaitangata,NZ,-46.2817,169.8464,49.12,97,100,1.45,Rain
210,Kaniama,CD,-7.5667,24.1833,62.49,39,1,5.37,Clear
211,Ascension,US,30.2169,-90.9001,78.08,96,1,0.0,Clear
212,Kahului,US,20.8947,-156.47,83.46,68,20,26.46,Clouds
213,Bongandanga,CD,1.5,21.05,69.3,98,99,3.69,Rain
214,Rodrigues Alves,BR,-7.738,-72.6509,67.37,70,5,1.19,Clear
215,Bida,NG,9.0833,6.0167,73.51,94,100,1.01,Clouds
216,Pyaozerskiy,RU,65.8333,31.1667,54.28,81,52,3.31,Clouds
217,Temiscaming,CA,46.7212,-79.0971,57.47,94,100,2.3,Clouds
218,Halifax,CA,44.6453,-63.5724,59.68,81,8,1.01,Clear
219,Usinsk,RU,65.9939,57.5281,51.96,97,100,10.67,Clouds
220,Bengkulu,ID,-3.8004,102.2655,83.17,70,10,3.98,Clear
221,Emerald,AU,-23.5333,148.1667,83.34,50,0,6.91,Clear
222,Sylvan Lake,CA,52.3168,-114.0853,71.85,73,1,2.3,Clear
223,Chuy,UY,-33.6971,-53.4616,46.51,93,29,1.5,Clouds
224,Richards Bay,ZA,-28.783,32.0377,56.84,68,30,7.99,Clouds
225,Merced,US,37.1666,-120.7516,90.18,26,0,11.03,Clear
226,Lompoc,US,34.6391,-120.4579,72.79,82,1,6.91,Clear
227,Mantua,IT,45.1667,10.7833,72.72,86,43,3.0,Clouds
228,Kungurtug,RU,50.5994,97.5228,54.21,97,100,3.29,Rain
229,Wolverhampton,GB,52.5855,-2.123,58.8,88,100,3.78,Clouds
230,Flin Flon,CA,54.7682,-101.865,63.7,58,20,3.47,Clouds
231,Luocheng,CN,29.3848,104.0286,90.93,47,0,1.12,Clear
232,Zaranj,AF,30.9667,61.8833,85.96,13,0,28.12,Clear
233,Te Anau,NZ,-45.4167,167.7167,49.53,93,99,0.29,Clouds
234,Port Macquarie,AU,-31.4333,152.9167,84.16,42,0,6.98,Clear
235,Hobart,AU,-42.8794,147.3294,51.12,69,75,17.27,Rain
236,New Smyrna Beach,US,29.0258,-80.927,85.01,75,49,8.3,Clouds
237,Touros,BR,-5.1989,-35.4608,74.3,90,50,13.82,Clouds
238,Palu,ID,-0.8917,119.8707,86.27,75,33,3.58,Clouds
239,Talnakh,RU,69.4865,88.3972,59.47,61,92,14.99,Clouds
240,Surgut,RU,61.25,73.4167,64.58,77,0,4.47,Clear
241,Leshukonskoye,RU,64.8989,45.7622,56.61,89,89,5.06,Clouds
242,Kenitra,MA,34.261,-6.5802,68.76,79,18,2.19,Clouds
243,Tiznit,MA,29.5833,-9.5,75.25,46,1,2.46,Clear
244,Ibotirama,BR,-12.1853,-43.2206,68.79,63,27,4.25,Clouds
245,Shimanovsk,RU,52.0,127.7,66.22,99,100,8.01,Rain
246,Husavik,IS,66.0449,-17.3389,51.71,69,100,3.2,Clouds
247,Yugo-Kamskiy,RU,57.7053,55.5894,69.82,89,36,6.62,Clouds
248,Vila Velha,BR,-20.3297,-40.2925,62.55,94,90,2.3,Clouds
249,Tessalit,ML,20.1986,1.0114,90.12,33,99,15.82,Clouds
250,Lavrentiya,RU,65.5833,-171.0,41.41,91,100,4.43,Rain
251,Vannes,FR,47.8333,-2.5,56.32,95,30,5.46,Clouds
252,Isangel,VU,-19.55,169.2667,73.51,64,75,13.8,Clouds
253,Dong Hoi,VN,17.4833,106.6,87.3,67,100,10.54,Clouds
254,Merauke,ID,-8.4667,140.3333,81.7,76,86,10.07,Clouds
255,Urucara,BR,-2.5364,-57.76,76.77,73,100,2.24,Clouds
256,Pisco,PE,-13.7,-76.2167,62.65,82,75,8.05,Clouds
257,Ahipara,NZ,-35.1667,173.1667,57.96,70,78,7.99,Clouds
258,Zaysan,KZ,47.4667,84.8667,79.25,14,1,10.07,Clear
259,Pacific Grove,US,36.6177,-121.9166,65.8,86,1,3.0,Clear
260,Araouane,ML,18.9048,-3.5265,89.67,40,32,20.11,Clouds
261,Gwembe,ZM,-16.4975,27.6069,48.61,89,0,3.15,Clear
262,Road Town,VG,18.4167,-64.6167,83.19,77,7,18.63,Clear
263,Sitka,US,57.0531,-135.33,60.69,82,90,5.75,Clouds
264,Otane,NZ,-39.8833,176.6333,56.39,71,99,2.55,Clouds
265,Sulangan,PH,11.1373,123.7228,84.54,74,93,7.99,Clouds
266,Ilhabela,BR,-23.7781,-45.3581,59.85,86,100,3.13,Clouds
267,San Ramon,US,37.7799,-121.978,74.37,71,1,7.0,Clear
268,Harper,LR,4.375,-7.7169,76.15,83,100,11.25,Clouds
269,Westport,US,41.1415,-73.3579,70.99,84,1,1.01,Clear
270,Provideniya,RU,64.3833,-173.3,45.81,78,95,6.64,Clouds
271,Invermere,CA,50.5167,-116.0354,78.35,28,16,1.61,Clouds
272,Bandarbeyla,SO,9.4942,50.8122,78.51,64,80,23.22,Clouds
273,Ormond Beach,US,29.2858,-81.0559,84.34,66,20,1.01,Clouds
274,Sao Sebastiao,BR,-23.76,-45.4097,58.68,88,100,3.27,Clouds
275,Campbell River,CA,50.0163,-125.2446,80.98,54,75,2.3,Clouds
276,Alice Springs,AU,-23.7,133.8833,74.21,21,0,11.99,Clear
277,Mapimi,MX,25.8167,-103.85,86.77,48,53,1.74,Clouds
278,Truro,GB,50.2653,-5.0544,60.08,100,75,8.05,Clouds
279,Port Lincoln,AU,-34.7333,135.8667,58.15,61,23,15.32,Clouds
280,Port Augusta,AU,-32.5,137.7667,59.7,47,3,5.28,Clear
281,Eyl,SO,7.9803,49.8164,79.21,58,99,20.71,Clouds
282,Codrington,AU,-38.2667,141.9667,53.28,74,38,13.18,Rain
283,Vardo,NO,70.3705,31.1107,48.63,91,100,9.53,Clouds
284,Barra Do Garcas,BR,-15.89,-52.2567,67.64,37,28,3.6,Clouds
285,Koshurnikovo,RU,54.1667,93.3,68.4,54,19,2.75,Clouds
286,Yumen,CN,40.2833,97.2,82.42,20,100,4.65,Clouds
287,Port Elizabeth,ZA,-33.918,25.5701,44.89,87,0,4.61,Clear
288,Lahad Datu,MY,5.0268,118.327,86.94,64,39,5.08,Clouds
289,Metro,ID,-5.1131,105.3067,87.82,57,16,3.89,Clouds
290,Chumikan,RU,54.7183,135.315,55.51,69,97,7.45,Clouds
291,Tanggu,CN,39.0211,117.6469,85.96,58,4,13.98,Clear
292,Concepcion Del Uruguay,AR,-32.4825,-58.2372,47.86,84,0,1.01,Clear
293,Severnyy,RU,50.677,36.5532,71.64,68,0,2.24,Clear
294,Mahajanga,MG,-15.7167,46.3167,62.62,77,20,3.44,Clouds
295,Dombarovskiy,RU,50.7587,59.5386,85.53,30,6,7.65,Clear
296,Kushmurun,KZ,52.4503,64.6311,82.24,45,27,10.29,Clouds
297,Krasnoye,UA,49.9145,24.6134,60.3,93,1,3.51,Clear
298,Taltal,CL,-25.4,-70.4833,64.47,54,1,5.35,Clear
299,Caucaia,BR,-3.7361,-38.6531,80.55,74,20,11.5,Clouds
300,Yago,MX,21.8333,-105.0667,77.2,95,100,3.18,Clouds
301,Blagoyevo,RU,63.3667,47.9167,57.94,94,100,5.61,Clouds
302,Chifeng,CN,42.2683,118.9636,68.97,68,100,13.47,Clouds
303,Upata,VE,8.0086,-62.3989,76.19,95,100,2.95,Clouds
304,Port-Cartier,CA,50.0334,-66.8654,59.11,84,98,6.67,Clouds
305,Eirunepe,BR,-6.6603,-69.8736,68.31,57,17,0.4,Clouds
306,Sion,CH,46.2291,7.3594,63.95,91,100,0.0,Clouds
307,Capinopolis,BR,-18.6819,-49.5697,65.48,36,20,3.18,Clouds
308,Kirksville,US,40.1948,-92.5833,67.05,94,1,0.0,Mist
309,Lata,PT,40.1629,-8.3327,58.82,98,26,2.1,Clouds
310,Ust-Kan,RU,50.9276,84.761,66.16,58,75,2.42,Clouds
311,Sivaki,RU,52.6333,126.75,55.85,99,100,8.52,Rain
312,Mumford,GH,5.2618,-0.759,74.46,92,53,5.5,Clouds
313,Hofn,IS,64.2539,-15.2082,51.64,89,43,5.73,Clouds
314,Labuhan,ID,-6.8844,112.2051,86.68,56,11,2.59,Clouds
315,Pau Dos Ferros,BR,-6.1125,-38.2063,73.27,65,20,11.1,Clouds
316,Uzunovo,RU,54.5386,38.6173,60.28,65,100,5.06,Clouds
317,Ola,RU,59.5833,151.2833,60.87,62,84,8.9,Clouds
318,Gold Coast,AU,-28.0,153.4333,81.16,64,0,5.01,Clear
319,Maykor,RU,59.0059,55.88,63.95,91,60,6.69,Clouds
320,San Cristobal,VE,7.7669,-72.225,66.11,97,92,5.28,Clouds
321,Ankang,CN,32.68,109.0172,93.33,55,0,2.21,Clear
322,Redcar,GB,54.6166,-1.06,55.65,84,100,8.81,Clouds
323,Karratha,AU,-20.7377,116.8463,72.0,32,1,1.12,Clear
324,Umm Kaddadah,SD,13.6017,26.6876,77.0,70,98,13.18,Clouds
325,Muisne,EC,0.6,-80.0333,75.38,86,98,9.75,Clouds
326,Ca Mau,VN,9.1769,105.15,87.6,63,53,11.97,Clouds
327,Tel Aviv-Yafo,IL,32.0805,34.7805,84.69,50,40,2.3,Clouds
328,Majene,ID,-3.5403,118.9707,83.44,70,72,9.44,Clouds
329,Kodiak,US,57.79,-152.4072,56.98,89,100,5.82,Clouds
330,West Lafayette,US,40.4259,-86.9081,66.11,81,1,0.0,Clear
331,Tazovskiy,RU,67.4667,78.7,55.72,69,95,7.29,Clouds
332,Petawawa,CA,45.9001,-77.3328,58.59,87,1,2.1,Clear
333,Coruripe,BR,-10.1256,-36.1756,72.72,85,93,19.3,Clouds
334,Twin Falls,US,42.3505,-114.6445,66.09,88,90,13.8,Mist
335,Pitimbu,BR,-7.4706,-34.8086,73.99,84,8,14.83,Clear
336,Puerto Escondido,MX,15.85,-97.0667,85.03,70,40,0.0,Clouds
337,Waiouru,NZ,-39.4833,175.6667,47.77,57,100,2.91,Clouds
338,Acajutla,SV,13.5928,-89.8275,77.34,85,80,11.27,Clouds
339,Popondetta,PG,-8.7537,148.2534,85.1,57,66,6.38,Clouds
340,Kaihua,CN,23.3687,104.28,69.55,90,100,3.51,Rain
341,Penarroya-Pueblonuevo,ES,38.3,-5.2667,60.91,64,5,3.56,Clear
342,Klaksvik,FO,62.2266,-6.589,47.32,80,100,11.74,Clouds
343,Augusto Correa,BR,-1.0217,-46.635,72.0,97,21,0.45,Clouds
344,Havoysund,NO,70.9963,24.6622,45.48,79,100,4.32,Clouds
345,Isabela,PH,6.7085,121.9711,87.85,68,47,1.59,Clouds
346,Sergiyevsk,RU,53.9413,51.165,76.93,53,12,6.35,Clouds
347,Lincoln,US,40.8,-96.667,75.11,89,1,3.44,Haze
348,Pihani,IN,27.6333,80.2,84.33,76,89,15.68,Clouds
349,Bonavista,CA,48.6499,-53.1147,62.11,81,7,21.59,Clear
350,Nakhon Si Thammarat,TH,8.25,100.0,90.45,49,83,12.44,Rain
351,Shelburne,CA,44.0787,-80.2041,61.12,85,99,8.12,Clouds
352,Vangaindrano,MG,-23.35,47.6,62.55,82,74,0.78,Rain
353,Kruisfontein,ZA,-34.0033,24.7314,53.8,38,88,7.63,Clouds
354,Troitsko-Pechorsk,RU,62.7084,56.1964,62.44,84,69,6.58,Clouds
355,Ouricuri,BR,-7.8825,-40.0817,68.38,83,91,10.42,Clouds
356,Necochea,AR,-38.5473,-58.7368,42.49,81,2,3.65,Clear
357,Barotac Viejo,PH,11.0419,122.8522,87.69,69,86,17.22,Clouds
358,Dingle,PH,10.9995,122.6711,89.08,65,76,15.17,Clouds
359,Urk,NL,52.6625,5.6014,62.08,85,21,6.53,Clouds
360,Aasiaat,GL,68.7098,-52.8699,38.82,95,100,5.26,Clouds
361,Tautira,PF,-17.7333,-149.15,78.82,64,85,13.85,Clouds
362,Nisia Floresta,BR,-6.0911,-35.2086,74.21,90,24,10.45,Clouds
363,Maragogi,BR,-9.0122,-35.2225,73.92,87,35,16.51,Clouds
364,Tateyama,JP,34.9833,139.8667,91.42,70,3,11.5,Clear
365,Chicama,PE,-7.8447,-79.1469,64.87,83,38,4.83,Clouds
366,Tagusao,PH,9.1924,117.8141,87.17,70,93,17.92,Clouds
367,Salamiyah,SY,35.0113,37.0532,76.24,57,0,6.64,Clear
368,Savannah Bight,HN,16.45,-85.85,82.99,81,96,19.15,Clouds
369,Nur,PL,52.6683,22.3221,61.34,76,65,5.3,Clouds
370,Eureka,US,40.8021,-124.1637,59.2,78,69,3.0,Clouds
371,Magadan,RU,59.5667,150.8,63.09,58,100,9.57,Clouds
372,Pangody,RU,65.85,74.4859,60.98,52,97,11.54,Clouds
373,Gorontalo,ID,0.5412,123.0595,88.56,62,51,5.86,Clouds
374,Griffith,US,41.5284,-87.4237,74.05,78,1,4.61,Clear
375,Cidreira,BR,-30.1811,-50.2056,55.38,89,100,11.18,Clouds
376,Nelson Bay,AU,-32.7167,152.15,78.3,52,3,15.99,Clear
377,Scarborough,GB,54.2797,-0.4044,55.53,92,100,9.08,Clouds
378,Vanavara,RU,60.34,102.2797,73.09,59,100,4.74,Clouds
379,Inta,RU,66.0317,60.1659,53.33,92,100,9.55,Clouds
380,Ta Khmau,KH,11.4833,104.95,93.25,52,20,12.66,Clouds
381,Wanning,CN,18.8003,110.3967,91.78,59,100,10.69,Clouds
382,Tabou,CI,4.423,-7.3528,75.65,86,100,8.32,Clouds
383,Iraquara,BR,-12.2486,-41.6194,62.31,87,91,8.39,Clouds
384,Vila Franca Do Campo,PT,37.7167,-25.4333,68.41,88,99,5.21,Clouds
385,Abashiri,JP,44.0213,144.2697,70.09,94,75,9.22,Clouds
386,Saldanha,ZA,-33.0117,17.9442,53.65,85,41,6.6,Clouds
387,Sur,OM,22.5667,59.5289,90.73,54,40,6.13,Clouds
388,Ancud,CL,-41.8697,-73.8203,35.13,85,71,3.13,Clouds
389,Marabba,SD,12.35,32.1833,72.45,86,100,9.26,Rain
390,Gambela,ET,8.25,34.5833,68.72,97,100,5.7,Rain
391,Port Shepstone,ZA,-30.7414,30.455,62.94,34,54,6.76,Clouds
392,Lolodorf,CM,3.2333,10.7333,69.53,99,99,1.77,Clouds
393,Bara,NG,10.3744,10.7288,71.13,98,100,8.19,Rain
394,Sidi Ali,DZ,36.0998,0.4206,69.91,58,51,9.78,Clouds
395,Calhoun,US,42.2506,-85.0005,66.18,62,1,0.0,Clear
396,Praxedis Guerrero,MX,31.3667,-106.0167,88.56,31,3,5.61,Clear
397,Kedrovyy,RU,56.1667,91.8167,70.21,42,3,1.32,Clear
398,Pasni,PK,25.2631,63.471,81.88,83,93,11.3,Clouds
399,Oranjemund,NA,-28.55,16.4333,65.64,26,1,7.61,Clear
400,Bonthe,SL,7.5264,-12.505,74.5,91,100,5.21,Rain
401,Knysna,ZA,-34.0363,23.0471,50.38,59,90,4.52,Clouds
402,Seoul,KR,37.5683,126.9778,91.81,76,90,4.61,Rain
403,Jinji,CN,23.2281,110.8261,93.67,59,99,2.46,Clouds
404,Kurumkan,RU,54.3,110.3,68.94,65,34,4.14,Rain
405,Pervomayskiy,RU,53.2485,40.2871,69.94,62,100,0.87,Clouds
406,Voh,NC,-20.9667,164.7,71.83,52,16,13.15,Clouds
407,Aklavik,CA,68.2191,-135.0107,77.83,41,61,8.16,Clouds
408,Vulcan,RO,45.3833,23.2667,64.9,72,0,2.73,Clear
409,Roros,NO,62.5747,11.3842,46.24,81,90,13.8,Rain
410,Ames,US,42.0347,-93.6199,72.32,86,1,6.91,Haze
411,Santa Rosalia,MX,27.3167,-112.2833,87.84,52,3,2.26,Clear
412,Saint-Leu,RE,-21.15,55.2833,68.83,66,2,1.99,Clear
413,Broken Hill,AU,-31.95,141.4333,56.91,62,75,8.05,Clouds
414,San Lorenzo,PY,-25.3333,-57.5333,54.59,81,0,5.01,Clear
415,Roald,NO,62.5833,6.1333,55.17,76,90,14.97,Clouds
416,Tabuk,PH,17.4189,121.4443,89.26,60,100,3.42,Clouds
417,Changli,CN,39.7042,119.1506,82.8,66,2,2.26,Clear
418,Nola,IT,40.922,14.5329,83.01,67,63,3.69,Clouds
419,Brae,GB,60.3964,-1.353,51.71,82,90,18.01,Clouds
420,Bowen,AU,-20.0167,148.2333,82.62,66,6,10.25,Clear
421,Shepsi,RU,44.0361,39.1489,76.1,71,0,2.8,Clear
422,North Bend,US,43.4065,-124.2243,59.86,94,90,14.97,Clouds
423,Norman Wells,CA,65.282,-126.8329,82.44,32,40,6.91,Clouds
424,Hualmay,PE,-11.0964,-77.6139,63.34,84,22,8.61,Clouds
425,Tsiroanomandidy,MG,-18.7667,46.0333,53.65,57,0,2.73,Clear
426,Saquarema,BR,-22.92,-42.5103,62.35,77,94,7.92,Clouds
427,Souillac,MU,-20.5167,57.5167,72.36,78,40,16.11,Rain
428,Raga,SS,8.4596,25.678,68.47,97,99,2.48,Rain
429,Makat,KZ,47.6469,53.3463,91.67,12,7,3.36,Clear
430,Olimpia,BR,-20.7372,-48.9147,61.02,55,51,8.3,Clouds
431,Amarillo,US,35.222,-101.8313,76.44,72,75,7.0,Clouds
432,Nyurba,RU,63.2842,118.3319,82.87,26,0,4.85,Clear
433,Raudeberg,NO,61.9875,5.1352,54.27,79,84,26.62,Clouds
434,San Quintin,MX,30.4833,-115.95,69.44,82,52,11.7,Clouds
435,Revelstoke,CA,50.9832,-118.2023,73.42,78,1,2.3,Haze
436,Namibe,AO,-15.1961,12.1522,68.61,66,0,7.7,Clear
437,Sunndalsora,NO,62.6754,8.5515,52.45,99,100,5.95,Clouds
438,Wum,CM,6.3833,10.0667,64.33,98,100,1.86,Rain
439,Manadhoo,MV,5.7667,73.3833,82.04,76,42,9.62,Clouds
440,Lubango,AO,-14.9172,13.4925,51.01,37,0,4.81,Clear
441,Kabanjahe,ID,3.1001,98.4908,72.36,59,100,5.06,Clouds
442,San Patricio,US,28.017,-97.5169,86.09,75,36,14.23,Clouds
443,Suihua,CN,46.6406,126.9969,79.92,86,52,15.35,Clouds
444,Nayoro,JP,44.3506,142.4578,71.02,90,96,8.97,Clouds
445,Lethem,GY,3.3803,-59.7968,73.44,93,100,3.11,Clouds
446,Aranos,NA,-24.1333,19.1167,45.57,46,0,9.19,Clear
447,Coquimbo,CL,-29.9533,-71.3436,47.93,93,7,8.05,Clear
448,Gorom-Gorom,BF,14.4439,-0.2361,81.32,68,9,13.38,Clear
449,Luoyang,CN,34.6836,112.4536,92.82,54,16,11.81,Rain
450,Rawson,AR,-43.3002,-65.1023,45.28,60,1,21.23,Clear
451,Omboue,GA,-1.5746,9.2618,72.72,83,44,4.25,Clouds
452,Novi Ligure,IT,44.7608,8.7896,74.68,91,60,1.99,Clouds
453,Cabo Rojo,PR,18.0866,-67.1457,81.79,83,67,1.01,Clouds
454,Luderitz,NA,-26.6481,15.1594,67.86,26,0,13.56,Clear
455,Am Timan,TD,11.0297,20.2827,71.82,95,100,7.45,Clouds
456,Rosarito,MX,32.3333,-117.0333,80.04,69,1,11.3,Clear
457,Nikolayevsk-Na-Amure,RU,53.1406,140.73,55.96,80,100,4.25,Clouds
458,Aguilas,ES,37.4063,-1.5829,78.33,60,92,2.55,Clouds
459,Caohai,CN,26.8661,104.2841,71.89,49,39,7.67,Clouds
460,Ambilobe,MG,-13.2,49.05,65.3,60,4,3.58,Clear
461,Hirara,JP,24.8,125.2833,88.07,79,75,13.8,Clouds
462,Xinzhi,CN,36.4989,111.7047,94.3,23,0,11.79,Clear
463,Pishin,PK,30.5803,66.9961,81.34,15,1,8.95,Clear
464,Sinnamary,GF,5.3833,-52.95,78.37,85,87,7.4,Clouds
465,Trairi,BR,-3.2778,-39.2689,77.56,82,93,10.54,Clouds
466,Craig,US,40.5153,-107.5464,68.59,88,20,4.61,Clouds
467,Yatou,CN,37.15,122.3833,85.62,66,0,10.47,Clear
468,Acapulco,MX,16.8634,-99.8901,80.91,83,36,4.7,Clouds
469,Belmonte,BR,-15.8631,-38.8828,64.9,78,100,11.54,Clouds
470,Kenai,US,60.5544,-151.2583,68.02,64,1,5.75,Clear
471,Kjopsvik,NO,68.097,16.3742,48.16,86,100,1.3,Clouds
472,Kloulklubed,PW,7.0419,134.2556,75.7,75,88,12.28,Rain
473,Rio Cuarto,AR,-33.1307,-64.3499,34.83,55,0,5.79,Clear
474,Male,MV,4.1748,73.5089,82.35,83,75,10.36,Clouds
475,Hovd,MN,48.0056,91.6419,53.85,82,100,2.1,Rain
476,Berlevag,NO,70.8578,29.0864,48.25,93,100,5.7,Clouds
477,Whitehorse,CA,60.7161,-135.0538,82.31,25,20,5.99,Clouds
478,Mayfield,US,36.7417,-88.6367,74.95,97,40,6.96,Clouds
479,Zhangye,CN,38.9342,100.4517,88.74,18,99,8.79,Clouds
480,Pedreiras,BR,-4.5688,-44.6003,73.62,52,21,4.38,Clouds
481,Manglaur,IN,29.8,77.8667,86.41,72,18,4.72,Rain
482,Bilma,NE,18.6853,12.9164,87.55,45,4,11.54,Clear
483,Polunochnoye,RU,60.8697,60.4153,64.29,89,85,5.41,Clouds
484,Santa Cruz,BO,-17.8,-63.1667,69.26,52,75,9.22,Clouds
485,Khani,GE,41.9563,42.9566,63.97,78,9,1.39,Clear
486,Nizwa,OM,22.9333,57.5333,90.66,42,57,2.51,Clouds
487,Nunkini,MX,20.3333,-90.1833,78.24,82,70,6.96,Clouds
488,Shaunavon,CA,49.6501,-108.4181,74.98,31,0,8.86,Clear
489,Broome,US,42.2506,-75.833,59.81,93,12,2.21,Clouds
490,Marawi,PH,7.9986,124.2928,87.35,48,38,3.56,Clouds
491,Todos Santos,MX,23.45,-110.2167,86.11,82,75,1.83,Clouds
492,Liverpool,GB,53.4106,-2.9779,57.15,76,90,1.01,Clouds
493,Renqiu,CN,38.6989,116.0936,84.2,55,0,9.06,Clear
494,Berck,FR,50.4,1.6,60.78,100,90,9.22,Clouds
495,Villebon-Sur-Yvette,FR,48.7059,2.2402,59.99,89,0,4.61,Clear
496,Ixtapa,MX,20.7,-105.2,77.45,95,95,1.23,Clouds
497,Dunnville,CA,42.9001,-79.6163,68.59,86,25,8.84,Clouds
498,Kamenka,RU,51.3223,42.7678,75.42,64,5,1.74,Clear
499,Daru,PG,-9.0763,143.2092,79.7,76,83,18.57,Clouds
500,Ende,ID,-8.8432,121.6623,84.49,66,59,6.89,Clouds
501,Lipin Bor,RU,60.2622,37.9763,59.95,76,22,9.93,Clouds
502,Shitkino,RU,56.3703,98.3543,59.41,92,100,2.42,Rain
503,Oulainen,FI,64.2667,24.8,56.26,89,69,3.74,Clouds
504,Gobabis,NA,-22.45,18.9667,44.1,47,0,10.2,Clear
505,Roma,US,43.2128,-75.4557,63.43,72,90,0.0,Clouds
506,Kamaishi,JP,39.2667,141.8833,77.95,85,97,3.89,Clouds
507,Comodoro Rivadavia,AR,-45.8667,-67.5,49.86,25,0,18.41,Clear
508,Lima,PE,-12.0432,-77.0282,61.05,86,90,5.75,Clouds
509,Kibungo,RW,-2.1597,30.5427,59.92,60,61,2.48,Clouds
510,Margate,GB,51.3813,1.3862,60.04,91,58,11.92,Clouds
511,Buta,CD,2.7858,24.73,67.68,99,99,1.66,Rain
512,San Rafael,AR,-34.6177,-68.3301,45.57,61,13,1.14,Clouds
513,Mungwi,ZM,-10.1732,31.3694,48.96,93,0,4.03,Clear
514,Kolokani,ML,13.5728,-8.0339,75.31,86,100,3.71,Clouds
515,Nishihara,JP,26.1842,127.7558,89.26,87,75,16.11,Clouds
516,Sept-Iles,CA,50.2001,-66.3821,59.43,86,75,3.0,Clouds
517,Kosa,RU,59.9445,54.9977,62.31,87,65,7.16,Clouds
518,Maravilha,BR,-26.7608,-53.1725,49.26,65,100,1.25,Clouds
519,Goderich,CA,43.7501,-81.7165,68.92,82,50,4.61,Clouds
520,Zalantun,CN,48.0,122.7167,68.67,75,100,7.47,Clouds
521,Abu Samrah,SY,35.3029,37.1841,78.22,48,0,7.34,Clear
522,Urrao,CO,6.3152,-76.1342,60.4,96,86,0.22,Clouds
523,Hamilton,US,39.1834,-84.5333,66.83,83,1,3.44,Haze
524,Coria,ES,39.9879,-6.5377,53.67,72,18,3.8,Clouds
525,Masasi,TZ,-10.7167,38.8,62.64,84,22,4.03,Clouds
526,Lac Du Bonnet,CA,50.2536,-96.0612,65.59,60,4,6.04,Clear
527,Abu Dhabi,AE,24.4667,54.3667,87.91,89,25,5.75,Haze
528,Novobirilyussy,RU,56.9514,90.6661,72.72,48,81,4.56,Clouds
529,Willowmore,ZA,-33.2926,23.4895,50.52,29,98,5.99,Clouds
530,Botwood,CA,49.1499,-55.3482,62.08,79,45,13.6,Clouds
531,Puerto Ayacucho,VE,5.6639,-67.6236,72.79,93,98,3.38,Clouds
532,Bubaque,GW,11.2833,-15.8333,78.85,83,100,19.84,Rain
533,Parabel,RU,58.6978,81.4825,57.9,87,100,7.85,Clouds
534,Chupa,RU,66.27,33.0549,55.72,81,100,1.72,Clouds
535,Morant Bay,JM,17.8815,-76.4093,83.82,83,0,8.72,Clear
536,Khilok,RU,51.3674,110.4676,65.93,65,94,6.67,Clouds
537,Srednekolymsk,RU,67.45,153.6833,38.88,92,100,17.49,Clouds
538,Bawku,GH,11.0616,-0.2417,72.09,94,89,7.16,Clouds
539,Voi,KE,-3.3945,38.563,65.19,79,46,6.44,Clouds
540,Terrace,CA,54.5163,-128.6035,82.31,47,20,17.27,Clouds
541,Henties Bay,NA,-22.116,14.2845,75.85,30,0,17.07,Clear
542,Winslow,US,35.0242,-110.6974,77.97,48,1,1.01,Clear
543,Makokou,GA,0.5738,12.8642,68.94,96,100,4.54,Rain
544,Mukhen,RU,48.1,136.1,83.93,55,60,7.65,Clouds
545,Wamba,NG,8.9333,8.6,71.55,93,100,3.0,Clouds
546,Mogeiro,BR,-7.2994,-35.4794,76.12,93,11,5.75,Clouds
547,Pochutla,MX,15.7432,-96.4661,83.25,90,34,4.23,Clouds
548,Varhaug,NO,58.6147,5.6457,55.47,73,94,25.64,Clouds
549,College,US,64.8569,-147.8028,79.12,46,75,5.75,Clouds
550,Saint-Augustin,CA,51.226,-58.6502,54.52,87,100,13.04,Clouds
551,Severo-Yeniseyskiy,RU,60.3725,93.0408,71.56,35,70,2.08,Clouds
552,Oskemen,KZ,49.9565,82.6119,71.56,46,20,4.47,Clouds
553,Olafsvik,IS,64.8945,-23.7142,53.35,95,100,5.75,Clouds
554,Tiarei,PF,-17.5333,-149.3333,78.82,65,87,15.35,Clouds
555,Naron,ES,43.5167,-8.1528,61.02,90,86,6.38,Clouds
556,Sola,VU,-13.8833,167.55,77.67,69,90,4.61,Clouds
557,Dunedin,NZ,-45.8742,170.5036,52.81,86,100,1.01,Clouds
558,Tanda,IN,26.55,82.65,81.57,81,82,17.22,Clouds
559,Atbasar,KZ,51.8,68.3333,79.66,48,66,5.73,Clouds
560,Muli,MV,2.9167,73.5667,81.91,73,47,4.63,Clouds
561,Kazanskoye,RU,55.6448,69.235,68.02,74,100,7.83,Clouds
562,Okhotsk,RU,59.3833,143.3,71.22,52,5,9.91,Clear
563,Murray Bridge,AU,-35.1167,139.2667,60.69,48,1,8.68,Clear
564,Ulladulla,AU,-35.35,150.4667,62.76,83,99,6.58,Rain
565,Biak,ID,-0.9131,122.8766,82.09,73,34,7.34,Clouds
566,Kovvur,IN,17.0167,81.7333,86.25,70,40,17.27,Clouds
567,Baykit,RU,61.67,96.37,72.63,46,83,3.24,Clouds
568,Arman,RU,59.7,150.1667,65.7,56,93,8.93,Clouds
569,Esil,KZ,51.9556,66.4042,82.18,47,34,6.69,Clouds
570,Sabaudia,IT,41.3003,13.0282,80.69,85,83,4.0,Clouds
571,Clinton,US,42.587,-82.9199,71.92,66,40,1.01,Clouds
572,Tashtagol,RU,52.7657,87.8894,72.48,52,90,1.07,Clouds
573,Rapar,IN,23.5667,70.6333,83.88,70,100,18.63,Clouds
574,The Valley,AI,18.217,-63.0578,82.09,77,0,18.21,Clear
575,Panaba,MX,21.2833,-88.2667,77.18,84,44,6.55,Clouds
576,Papillion,US,41.1544,-96.0422,75.81,85,40,1.99,Haze
577,Taitung,TW,22.7583,121.1444,77.27,100,75,3.44,Rain
578,Lovozero,RU,68.005,35.0117,53.11,78,100,4.29,Clouds
579,Sao Joao Da Barra,BR,-21.6403,-41.0511,66.16,60,87,10.38,Clouds
580,Portsmouth,GB,50.799,-1.0913,60.12,88,49,1.99,Clouds
581,Arroyo,ES,41.6096,-4.7969,53.64,76,0,2.3,Clear
582,Praia,CV,14.9215,-23.5087,77.54,73,75,6.91,Clouds
583,Kiruna,SE,67.8557,20.2251,43.72,93,90,8.05,Clouds
584,Udimskiy,RU,61.1417,45.9144,55.74,94,95,7.72,Clouds
585,Dhidhdhoo,MV,6.8833,73.1,81.75,75,30,10.04,Clouds
586,Camacha,PT,33.0833,-16.3333,67.42,68,40,12.66,Clouds
587,Nouadhibou,MR,20.931,-17.0347,69.78,88,6,13.8,Clear
588,New Iberia,US,30.0035,-91.8187,79.97,94,1,3.44,Clear
589,Standerton,ZA,-26.9337,29.2415,40.26,42,0,3.49,Clear
590,Khor,RU,47.8861,134.9464,87.37,47,59,11.9,Clouds
591,Shitanjing,CN,39.2342,106.3439,77.31,33,30,8.63,Clouds
592,Zhanaozen,KZ,43.3,52.8,87.48,17,20,6.73,Clouds
593,Morrisburg,CA,44.9001,-75.1826,59.72,95,100,4.52,Clouds
594,Meulaboh,ID,4.1363,96.1285,80.4,77,100,1.54,Rain
595,Schwandorf,DE,49.3262,12.1093,58.33,91,100,2.91,Rain
596,Alta Floresta,BR,-9.8756,-56.0861,68.02,45,15,3.36,Clouds
597,Corning,US,42.1428,-77.0547,62.65,88,20,0.0,Clouds
598,Conde,BR,-7.2597,-34.9075,72.86,94,75,6.91,Clouds
599,Milkovo,RU,54.7167,158.6167,68.11,53,25,4.27,Rain
600,Ribeira Brava,PT,32.65,-17.0667,70.43,63,12,9.22,Clouds
601,Kiunga,PG,-6.1219,141.2906,85.14,65,93,2.39,Clouds
602,Kyaikkami,MM,16.08,97.5675,80.78,81,100,11.12,Clouds
603,Koumac,NC,-20.5667,164.2833,71.33,57,3,15.59,Clear
604,Mestia,GE,43.0458,42.7278,64.04,77,0,1.79,Clear
605,Sao Raimundo Das Mangabeiras,BR,-7.0219,-45.4811,75.07,60,50,9.78,Clouds
606,Bilibino,RU,68.0546,166.4372,50.94,49,99,14.81,Clouds
607,Aksarka,RU,66.5606,67.7975,57.67,62,100,9.33,Clouds
608,Varkkallai,IN,8.7341,76.7067,83.98,73,74,11.39,Clouds
609,Trento,IT,46.0679,11.1211,72.09,97,90,18.41,Thunderstorm
610,Wanaka,NZ,-44.7,169.15,45.63,94,100,0.63,Clouds
611,Fengzhen,CN,40.4394,113.1536,70.81,37,0,16.96,Clear
612,Cayenne,GF,4.9333,-52.3333,83.08,79,0,2.3,Clear
613,Odweyne,SO,9.4092,45.064,71.91,50,95,19.24,Clouds
614,Sisophon,KH,13.5859,102.9737,88.95,59,98,18.37,Clouds
615,Imeni Babushkina,RU,59.7573,43.1285,60.06,80,13,9.19,Clouds
616,Vondrozo,MG,-22.8167,47.2833,54.46,92,14,0.54,Clouds
617,Hammerfest,NO,70.6634,23.6821,45.05,87,90,3.44,Drizzle
618,Metlaltoyuca,MX,20.7333,-97.85,72.39,89,10,2.75,Clear
619,Stelle,DE,53.3842,10.1114,60.42,93,85,8.46,Clouds
620,Cranbourne,AU,-38.1,145.2833,60.91,59,1,4.0,Clear
621,Marrakesh,MA,31.6315,-8.0083,66.27,68,0,6.91,Clear
622,Seydi,TM,39.4816,62.9137,90.86,12,0,16.55,Clear
623,Haines Junction,CA,60.7522,-137.5108,76.95,33,70,8.05,Clouds
624,Letlhakane,BW,-21.4167,25.5833,47.23,81,0,8.5,Clear
625,Krasnyy Chikoy,RU,50.3643,108.7512,72.86,50,38,4.83,Clouds
626,Manzhouli,CN,49.6,117.4333,69.94,49,1,11.54,Clear
627,Portland,US,45.5234,-122.6762,81.19,62,90,1.01,Clouds
628,Sao Gabriel Da Cachoeira,BR,-0.1303,-67.0892,74.25,76,100,1.81,Clouds
629,Fort Nelson,CA,58.8053,-122.7002,85.59,39,1,4.61,Clear
630,Worthing,GB,50.8145,-0.3713,60.46,86,41,3.0,Clouds
631,Fare,PF,-16.7,-151.0167,76.75,66,72,14.74,Clouds
632,Batagay-Alyta,RU,67.8006,130.4114,73.83,44,36,9.04,Clouds
633,Rafraf,TN,37.1904,10.1837,79.11,58,69,7.92,Clouds
634,Charters Towers,AU,-20.1,146.2667,84.11,33,0,5.86,Clear
635,Mana,GF,5.6592,-53.7767,77.72,87,22,6.76,Clouds
636,Champerico,GT,14.3,-91.9167,82.35,80,26,3.89,Clouds
637,Sembe,CG,1.6481,14.5806,71.24,93,100,2.3,Rain
638,Cesena,IT,44.1391,12.2432,80.42,61,0,2.3,Clear
639,Yulara,AU,-25.2406,130.9889,67.84,37,0,5.75,Clear
640,Rurrenabaque,BO,-14.4413,-67.5278,63.55,71,30,2.19,Clouds
641,San Jose,US,37.3394,-121.895,72.72,71,20,12.66,Clouds
642,Yerbogachen,RU,61.2767,108.0108,76.3,29,3,11.59,Clear
643,Padang,ID,-0.9492,100.3543,87.85,80,85,5.61,Clouds
644,Colesberg,ZA,-30.72,25.0972,40.41,27,33,4.27,Clouds
645,Sakakah,SA,29.9697,40.2064,81.97,20,0,6.8,Clear
646,Maridi,SS,4.9158,29.4742,64.83,97,77,3.4,Clouds
647,Bagalkot,IN,16.1833,75.7,77.05,69,100,21.41,Clouds
648,Sao Jose Da Coroa Grande,BR,-8.8978,-35.1478,73.92,86,26,15.32,Clouds
649,Hillsboro,US,45.5229,-122.9898,81.66,59,1,1.99,Clear
650,Linxia,CN,35.6003,103.2064,83.5,26,0,1.83,Clear
651,Fukue,JP,32.6881,128.8419,86.36,84,75,6.91,Clouds
652,Antalaha,MG,-14.9003,50.2788,66.94,79,39,7.83,Clouds
653,Sibolga,ID,1.7427,98.7792,82.85,70,100,3.91,Clouds
654,Mehamn,NO,71.0357,27.8492,46.81,96,100,5.08,Rain
655,Rio Gallegos,AR,-51.6226,-69.2181,40.46,62,99,19.28,Clouds
656,Prince Rupert,CA,54.3161,-130.3201,58.69,97,90,4.61,Fog
657,Pombia,IT,45.653,8.6336,67.03,91,75,4.61,Rain
658,Puerto Baquerizo Moreno,EC,-0.9,-89.6,70.47,85,37,11.52,Clouds
659,Katsuura,JP,35.1333,140.3,91.51,69,6,10.6,Clear
660,Atherton,GB,53.5237,-2.4935,56.75,91,88,2.1,Clouds
661,Arkadelphia,US,34.1209,-93.0538,85.82,56,1,0.0,Clear
662,Sorong,ID,-0.8833,131.25,86.86,65,63,9.89,Clouds
663,Awash,ET,8.9833,40.1667,73.76,60,47,12.03,Rain
664,Rocha,UY,-34.4833,-54.3333,43.63,91,5,4.5,Clear
665,Ostrovnoy,RU,68.0531,39.5131,49.01,85,36,5.23,Clouds
666,Tezu,IN,27.9167,96.1667,80.47,94,92,1.41,Clouds
667,Tukrah,LY,32.5341,20.5791,78.04,70,0,2.48,Clear
668,Rapid Valley,US,44.0625,-103.1463,75.4,49,1,1.99,Smoke
669,Contamana,PE,-7.3333,-75.0167,64.71,73,8,1.3,Clear
670,Dergachi,RU,51.2328,48.7659,78.85,48,56,2.17,Clouds
671,Tashara,RU,55.5195,83.5094,73.24,61,94,3.65,Clouds
672,Turukhansk,RU,65.8167,87.9833,56.98,82,100,11.9,Clouds
673,Gweta,BW,-20.1833,25.2333,50.86,73,0,8.57,Clear
674,Donskoye,RU,45.4552,41.9741,78.93,39,16,1.88,Clouds
675,Shirokiy,RU,49.758,129.523,77.45,83,100,17.54,Rain
676,Sorland,NO,67.667,12.6934,49.24,72,100,12.71,Clouds
677,Ballinrobe,IE,53.6333,-9.2333,55.09,68,98,8.12,Clouds
678,Neiafu,TO,-18.65,-173.9833,77.68,78,75,11.5,Rain
679,Abalak,RU,58.1286,68.5944,59.86,91,64,8.75,Rain
680,Muros,ES,42.7762,-9.0603,62.17,91,68,4.68,Clouds
681,Hanna,CA,51.6334,-111.9018,81.91,38,3,3.0,Clear
682,Aljezur,PT,37.3191,-8.8033,59.27,89,5,11.25,Clear
683,Mankayan,PH,16.85,120.8,74.52,69,100,5.21,Clouds
684,Den Helder,NL,52.9599,4.7593,62.98,92,90,4.61,Clouds
685,Lodwar,KE,3.1191,35.5973,77.99,47,100,11.07,Clouds
686,Bereda,ES,43.2686,-7.5406,55.92,96,85,2.13,Clouds
687,Gualaquiza,EC,-3.4,-78.55,60.53,98,97,1.66,Rain
688,Gummidipundi,IN,13.4,80.15,86.0,48,97,12.44,Clouds
689,Benin,BJ,9.5,2.25,69.48,98,100,4.0,Clouds
690,Izhevskoye,RU,54.5567,40.8703,65.68,65,99,3.8,Clouds
691,Masaki,JP,33.7876,132.7112,85.91,78,40,5.75,Clouds
692,Maniitsoq,GL,65.4167,-52.9,49.06,74,82,7.23,Clouds
693,Nabire,ID,-3.3667,135.4833,86.23,66,78,4.41,Clouds
694,Itoman,JP,26.1247,127.6694,89.98,86,40,16.11,Clouds
695,Parati,BR,-23.2178,-44.7131,57.42,94,71,2.91,Clouds
696,Ternate,ID,0.8,127.4,84.51,72,71,8.95,Clouds
697,Pathein,MM,16.7833,94.7333,78.8,90,100,7.85,Clouds
698,Muriwai Beach,NZ,-36.8167,174.45,60.42,81,99,7.83,Clouds
699,Russas,BR,-4.9403,-37.9758,74.71,66,36,9.95,Clouds
700,Ambon,ID,-3.6954,128.1814,91.54,58,40,6.91,Clouds
701,Orange Cove,US,36.6244,-119.3137,98.26,35,1,4.61,Clear
702,Kumeny,RU,58.1089,49.9161,65.26,67,41,10.76,Clouds
703,Nova Vicosa,BR,-17.8919,-39.3719,68.23,75,78,15.08,Clouds
704,Niteroi,BR,-22.8833,-43.1036,60.46,82,75,8.05,Clouds
705,Gilgit,PK,35.9221,74.3087,82.33,54,35,2.37,Clouds
706,Vagur,FO,61.4732,-6.8119,49.53,74,87,9.1,Clouds
707,Dese,ET,11.1333,39.6333,56.05,86,97,3.58,Rain
708,Kyabe,TD,9.4515,18.9449,71.15,91,100,2.89,Clouds
709,Erzin,TR,36.9559,36.2,77.0,70,0,0.78,Clear
